name,Region,Population,Area (sq. mi.),Pop. Density (per sq. mi.),Coastline (coast/area ratio),Net migration,Infant mortality (per 1000 births),GDP ($ per capita),Literacy (%),Phones (per 1000),Arable (%),Crops (%),Other (%),Climate,Birthrate,Deathrate,Agriculture,Industry,Service,name(zh),name(ru),Population_Quantile,Area_Quantile,Density_Quantile,GDP_Quantile,Infant_Mortality_Quantile,Literacy_Quantile,Industry_Quantile,Service_Quantile
Afghanistan ,ASIA (EX. NEAR EAST)         ,31056997.0,647500.0,48.0,"0,00","23,06",163.07,700.0,36.0,"3,2","12,13","0,22","87,65",1,"46,6","20,34","0,38",0.24,0.38,阿富汗,Афганистан,Q4,Q4,Q2,Q1,Q4,Q1,Q2,Q1
Albania ,EASTERN EUROPE                     ,3581655.0,28748.0,124.6,"1,26","-4,93",21.52,4500.0,86.5,"71,2","21,09","4,42","74,49",3,"15,11","5,22","0,232",0.188,0.579,阿尔巴尼亚,Албания,Q2,Q2,Q3,Q2,Q3,Q2,Q1,Q3
Algeria ,NORTHERN AFRICA                    ,32930091.0,2381740.0,13.8,"0,04","-0,39",31.0,6000.0,70.0,"78,1","3,22","0,25","96,53",1,"17,14","4,61","0,101",0.6,0.298,阿尔及利亚,Алжир,Q4,Q4,Q1,Q3,Q3,Q1,Q4,Q1
American Samoa ,OCEANIA                            ,57794.0,199.0,290.4,"58,29","-20,71",9.27,8000.0,97.0,"259,5",10,15,75,2,"22,46","3,27",,,,美属萨摩亚,Американское Самоа,Q1,Q1,Q4,Q3,Q2,Q3,,
Andorra ,WESTERN EUROPE                     ,71201.0,468.0,152.1,"0,00","6,6",4.05,19000.0,100.0,"497,2","2,22",0,"97,78",3,"8,71","6,25",,,,安道尔,Андорра,Q1,Q1,Q3,Q4,Q1,Q4,,
Angola ,SUB-SAHARAN AFRICA                 ,12127071.0,1246700.0,9.7,"0,13",0,191.19,1900.0,42.0,"7,8","2,41","0,24","97,35",,"45,11","24,2","0,096",0.658,0.246,安哥拉,Ангола,Q3,Q4,Q1,Q1,Q4,Q1,Q4,Q1
Anguilla ,LATIN AMER. & CARIB    ,13477.0,102.0,132.1,"59,80","10,76",21.03,8600.0,95.0,"460,0",0,0,100,2,"14,17","5,34","0,04",0.18,0.78,安圭拉,Ангилья,Q1,Q1,Q3,Q3,Q3,Q3,Q1,Q4
Antigua & Barbuda ,LATIN AMER. & CARIB    ,69108.0,443.0,156.0,"34,54","-6,15",19.46,11000.0,89.0,"549,9","18,18","4,55","77,27",2,"16,93","5,37","0,038",0.22,0.743,安提瓜和巴布达,Антигуа и Барбуда,Q1,Q1,Q3,Q3,Q2,Q2,Q2,Q4
Argentina ,LATIN AMER. & CARIB    ,39921833.0,2766890.0,14.4,"0,18","0,61",15.18,11200.0,97.1,"220,4","12,31","0,48","87,21",3,"16,73","7,55","0,095",0.358,0.547,阿根廷,Аргентина,Q4,Q4,Q1,Q3,Q2,Q3,Q4,Q2
Armenia ,C.W. OF IND. STATES ,2976372.0,29800.0,99.9,"0,00","-6,47",23.28,3500.0,98.6,"195,7","17,55","2,3","80,15",4,"12,07","8,23","0,239",0.343,0.418,亚美尼亚,Армения,Q2,Q2,Q3,Q2,Q3,Q4,Q4,Q1
Aruba ,LATIN AMER. & CARIB    ,71891.0,193.0,372.5,"35,49",0,5.89,28000.0,97.0,"516,1","10,53",0,"89,47",2,"11,03","6,68","0,004",0.333,0.663,阿鲁巴,Аруба,Q1,Q1,Q4,Q4,Q1,Q3,Q3,Q3
Australia ,OCEANIA                            ,20264082.0,7686850.0,2.6,"0,34","3,98",4.69,29000.0,100.0,"565,5","6,55","0,04","93,41",1,"12,14","7,51","0,038",0.262,0.7,澳大利亚,Австралия,Q4,Q4,Q1,Q4,Q1,Q4,Q2,Q4
Austria ,WESTERN EUROPE                     ,8192880.0,83870.0,97.7,"0,00",2,4.66,30000.0,98.0,"452,2","16,91","0,86","82,23",3,"8,74","9,76","0,018",0.304,0.678,奥地利,Австрия,Q3,Q2,Q3,Q4,Q1,Q3,Q3,Q3
Azerbaijan ,C.W. OF IND. STATES ,7961619.0,86600.0,91.9,"0,00","-4,9",81.74,3400.0,97.0,"137,1","19,63","2,71","77,66",1,"20,74","9,75","0,141",0.457,0.402,阿塞拜疆,Азербайджан,Q3,Q2,Q3,Q2,Q4,Q3,Q4,Q1
"Bahamas, The ",LATIN AMER. & CARIB    ,303770.0,13940.0,21.8,"25,41","-2,2",25.21,16700.0,95.6,"460,6","0,8","0,4","98,8",2,"17,57","9,05","0,03",0.07,0.9,巴哈马群岛,Багамы,Q1,Q2,Q1,Q4,Q3,Q3,Q1,Q4
Bahrain ,NEAR EAST                          ,698585.0,665.0,1050.5,"24,21","1,05",17.27,16900.0,89.1,"281,3","2,82","5,63","91,55",1,"17,8","4,14","0,005",0.387,0.608,巴林,Бахрейн,Q2,Q1,Q4,Q4,Q2,Q2,Q4,Q3
Bangladesh ,ASIA (EX. NEAR EAST)         ,147365352.0,144000.0,1023.4,"0,40","-0,71",62.6,1900.0,43.1,"7,3","62,11","3,07","34,82",2,"29,8","8,27","0,199",0.198,0.603,孟加拉国,Бангладеш,Q4,Q3,Q4,Q1,Q4,Q1,Q2,Q3
Barbados ,LATIN AMER. & CARIB    ,279912.0,431.0,649.5,"22,51","-0,31",12.5,15700.0,97.4,"481,9","37,21","2,33","60,46",2,"12,71","8,67","0,06",0.16,0.78,巴巴多斯,Барбадос,Q1,Q1,Q4,Q3,Q2,Q3,Q1,Q4
Belarus ,C.W. OF IND. STATES ,10293011.0,207600.0,49.6,"0,00","2,54",13.37,6100.0,99.6,"319,1","29,55","0,6","69,85",4,"11,16","14,02","0,093",0.316,0.591,白俄罗斯,Беларусь,Q3,Q3,Q2,Q3,Q2,Q4,Q3,Q3
Belgium ,WESTERN EUROPE                     ,10379067.0,30528.0,340.0,"0,22","1,23",4.68,29100.0,98.0,"462,6","23,28","0,4","76,32",3,"10,38","10,27","0,01",0.24,0.749,比利时,Бельгия,Q3,Q2,Q4,Q4,Q1,Q3,Q2,Q4
Belize ,LATIN AMER. & CARIB    ,287730.0,22966.0,12.5,"1,68",0,25.69,4900.0,94.1,"115,7","2,85","1,71","95,44",2,"28,84","5,72","0,142",0.152,0.612,伯利兹,Белиз,Q1,Q2,Q1,Q2,Q3,Q3,Q1,Q3
Benin ,SUB-SAHARAN AFRICA                 ,7862944.0,112620.0,69.8,"0,11",0,85.0,1100.0,40.9,"9,7","18,08","2,4","79,52",2,"38,85","12,22","0,316",0.138,0.546,贝宁,Бенин,Q3,Q3,Q2,Q1,Q4,Q1,Q1,Q2
Bermuda ,NORTHERN AMERICA                   ,65773.0,53.0,1241.0,"194,34","2,49",8.53,36000.0,98.0,"851,4",20,0,80,2,"11,4","7,74","0,01",0.1,0.89,百慕大,Бермуды,Q1,Q1,Q4,Q4,Q2,Q3,Q1,Q4
Bhutan ,ASIA (EX. NEAR EAST)         ,2279723.0,47000.0,48.5,"0,00",0,100.44,1300.0,42.2,"14,3","3,09","0,43","96,48",2,"33,65","12,7","0,258",0.379,0.363,不丹,Бутан,Q2,Q2,Q2,Q1,Q4,Q1,Q4,Q1
Bolivia ,LATIN AMER. & CARIB    ,8989046.0,1098580.0,8.2,"0,00","-1,32",53.11,2400.0,87.2,"71,9","2,67","0,19","97,14","1,5","23,3","7,53","0,128",0.352,0.52,玻利维亚,Боливия,Q3,Q4,Q1,Q2,Q3,Q2,Q4,Q2
Bosnia & Herzegovina ,EASTERN EUROPE                     ,4498976.0,51129.0,88.0,"0,04","0,31",21.05,6100.0,,"215,4","13,6","2,96","83,44",4,"8,77","8,27","0,142",0.308,0.55,波斯尼亚和黑塞哥维那,Босния и Герцеговина,Q2,Q2,Q3,Q3,Q3,,Q3,Q2
Botswana ,SUB-SAHARAN AFRICA                 ,1639833.0,600370.0,2.7,"0,00",0,54.58,9000.0,79.8,"80,5","0,65","0,01","99,34",1,"23,08","29,5","0,024",0.469,0.507,博茨瓦纳,Ботсвана,Q2,Q4,Q1,Q3,Q3,Q2,Q4,Q2
Brazil ,LATIN AMER. & CARIB    ,188078227.0,8511965.0,22.1,"0,09","-0,03",29.61,7600.0,86.4,"225,3","6,96","0,9","92,15",2,"16,56","6,17","0,084",0.4,0.516,巴西,Бразилия,Q4,Q4,Q1,Q3,Q3,Q2,Q4,Q2
British Virgin Is. ,LATIN AMER. & CARIB    ,23098.0,153.0,151.0,"52,29","10,01",18.05,16000.0,97.8,"506,5",20,"6,67","73,33",2,"14,89","4,42","0,018",0.062,0.92,英属维尔京群岛,Британские Виргинские острова,Q1,Q1,Q3,Q4,Q2,Q3,Q1,Q4
Brunei ,ASIA (EX. NEAR EAST)         ,379444.0,5770.0,65.8,"2,79","3,59",12.61,18600.0,93.9,"237,2","0,57","0,76","98,67",2,"18,79","3,45","0,036",0.561,0.403,文莱,Бруней,Q1,Q2,Q2,Q4,Q2,Q3,Q4,Q1
Bulgaria ,EASTERN EUROPE                     ,7385367.0,110910.0,66.6,"0,32","-4,58",20.55,7600.0,98.6,"336,3","40,02","1,92","58,06",3,"9,65","14,27","0,093",0.304,0.603,保加利亚,Болгария,Q3,Q3,Q2,Q3,Q2,Q4,Q3,Q3
Burkina Faso ,SUB-SAHARAN AFRICA                 ,13902972.0,274200.0,50.7,"0,00",0,97.57,1100.0,26.6,"7,0","14,43","0,19","85,38",2,"45,62","15,6","0,322",0.196,0.482,布基纳法索,Буркина-Фасо,Q3,Q3,Q2,Q1,Q4,Q1,Q2,Q2
Burma ,ASIA (EX. NEAR EAST)         ,47382633.0,678500.0,69.8,"0,28","-1,8",67.24,1800.0,85.3,"10,1","15,19","0,97","83,84",2,"17,91","9,83","0,564",0.082,0.353,缅甸,Бирма,Q4,Q4,Q2,Q1,Q4,Q2,Q1,Q1
Burundi ,SUB-SAHARAN AFRICA                 ,8090068.0,27830.0,290.7,"0,00","-0,06",69.29,600.0,51.6,"3,4","35,05","14,02","50,93",2,"42,22","13,46","0,463",0.203,0.334,布隆迪,Бурунди,Q3,Q2,Q4,Q1,Q4,Q1,Q2,Q1
Cambodia ,ASIA (EX. NEAR EAST)         ,13881427.0,181040.0,76.7,"0,24",0,71.48,1900.0,69.4,"2,6","20,96","0,61","78,43",2,"26,9","9,06","0,35",0.3,0.35,柬埔寨,Камбоджа,Q3,Q3,Q2,Q1,Q4,Q1,Q3,Q1
Cameroon ,SUB-SAHARAN AFRICA                 ,17340702.0,475440.0,36.5,"0,08",0,68.26,1800.0,79.0,"5,7","12,81","2,58","84,61","1,5","33,89","13,47","0,448",0.17,0.382,喀麦隆,Камерун,Q3,Q4,Q2,Q1,Q4,Q2,Q1,Q1
Canada ,NORTHERN AMERICA                   ,33098932.0,9984670.0,3.3,"2,02","5,96",4.75,29800.0,97.0,"552,2","4,96","0,02","95,02",,"10,78","7,8","0,022",0.294,0.684,加拿大,Канада,Q4,Q4,Q1,Q4,Q1,Q3,Q3,Q4
Cape Verde ,SUB-SAHARAN AFRICA                 ,420979.0,4033.0,104.4,"23,93","-12,07",47.77,1400.0,76.6,"169,6","9,68","0,5","89,82",3,"24,87","6,55","0,121",0.219,0.66,佛得角,Кабо-Верде,Q1,Q1,Q3,Q1,Q3,Q2,Q2,Q3
Cayman Islands ,LATIN AMER. & CARIB    ,45436.0,262.0,173.4,"61,07","18,75",8.19,35000.0,98.0,"836,3","3,85",0,"96,15",2,"12,74","4,89","0,014",0.032,0.954,开曼群岛,Каймановы острова,Q1,Q1,Q3,Q4,Q2,Q3,Q1,Q4
Central African Rep. ,SUB-SAHARAN AFRICA                 ,4303356.0,622984.0,6.9,"0,00",0,91.0,1100.0,51.0,"2,3","3,1","0,14","96,76",2,"33,91","18,65","0,55",0.2,0.25,中非共和国,Центральноафриканская Республика,Q2,Q4,Q1,Q1,Q4,Q1,Q2,Q1
Chad ,SUB-SAHARAN AFRICA                 ,9944201.0,1284000.0,7.7,"0,00","-0,11",93.82,1200.0,47.5,"1,3","2,86","0,02","97,12",2,"45,73","16,38","0,335",0.259,0.406,乍得,Чад,Q3,Q4,Q1,Q1,Q4,Q1,Q2,Q1
Chile ,LATIN AMER. & CARIB    ,16134219.0,756950.0,21.3,"0,85",0,8.8,9900.0,96.2,"213,0","2,65","0,42","96,93",3,"15,23","5,81","0,06",0.493,0.447,智利,Чили,Q3,Q4,Q1,Q3,Q2,Q3,Q4,Q2
China ,ASIA (EX. NEAR EAST)         ,1313973713.0,9596960.0,136.9,"0,15","-0,4",24.18,5000.0,90.9,"266,7","15,4","1,25","83,35","1,5","13,25","6,97","0,125",0.473,0.403,中国,Китай,Q4,Q4,Q3,Q2,Q3,Q2,Q4,Q1
Colombia ,LATIN AMER. & CARIB    ,43593035.0,1138910.0,38.3,"0,28","-0,31",20.97,6300.0,92.5,"176,2","2,42","1,67","95,91",2,"20,48","5,58","0,125",0.342,0.533,哥伦比亚,Колумбия,Q4,Q4,Q2,Q3,Q2,Q2,Q4,Q2
Comoros ,SUB-SAHARAN AFRICA                 ,690948.0,2170.0,318.4,"15,67",0,74.93,700.0,56.5,"24,5","35,87","23,32","40,81",2,"36,93","8,2","0,4",0.04,0.56,科摩罗,Коморы,Q2,Q1,Q4,Q1,Q4,Q1,Q1,Q2
"Congo, Dem. Rep. ",SUB-SAHARAN AFRICA                 ,62660551.0,2345410.0,26.7,"0,00",0,94.69,700.0,65.5,"0,2","2,96","0,52","96,52",2,"43,69","13,27","0,55",0.11,0.34,刚果（金）,Демократическая Республика Конго,Q4,Q4,Q1,Q1,Q4,Q1,Q1,Q1
"Congo, Repub. of the ",SUB-SAHARAN AFRICA                 ,3702314.0,342000.0,10.8,"0,05","-0,17",93.86,700.0,83.8,"3,7","0,51","0,13","99,36",2,"42,57","12,93","0,062",0.57,0.369,刚果共和国,"Конго, Республика",Q2,Q3,Q1,Q1,Q4,Q2,Q4,Q1
Cook Islands ,OCEANIA                            ,21388.0,240.0,89.1,"50,00",,,5000.0,95.0,"289,9","17,39","13,04","69,57",2,21,,"0,151",0.096,0.753,库克群岛,Острова Кука,Q1,Q1,Q3,Q2,,Q3,Q1,Q4
Costa Rica ,LATIN AMER. & CARIB    ,4075261.0,51100.0,79.8,"2,52","0,51",9.95,9100.0,96.0,"340,7","4,41","5,88","89,71",2,"18,32","4,36","0,088",0.299,0.614,哥斯达黎加,Коста-Рика,Q2,Q2,Q3,Q3,Q2,Q3,Q3,Q3
Cote d'Ivoire ,SUB-SAHARAN AFRICA                 ,17654843.0,322460.0,54.8,"0,16","-0,07",90.83,1400.0,50.9,"14,6","9,75","13,84","76,41",2,"35,11","14,84","0,279",0.171,0.55,科特迪瓦,Кот-д’Ивуар,Q4,Q3,Q2,Q1,Q4,Q1,Q1,Q2
Croatia ,EASTERN EUROPE                     ,4494749.0,56542.0,79.5,"10,32","1,58",6.84,10600.0,98.5,"420,4","26,09","2,27","71,65",,"9,61","11,48","0,07",0.308,0.622,克罗地亚,Хорватия,Q2,Q2,Q3,Q3,Q1,Q4,Q3,Q3
Cuba ,LATIN AMER. & CARIB    ,11382820.0,110860.0,102.7,"3,37","-1,58",6.33,2900.0,97.0,"74,7","33,05","7,6","59,35",2,"11,89","7,22","0,055",0.261,0.684,古巴,Куба,Q3,Q3,Q3,Q2,Q1,Q3,Q2,Q4
Cyprus ,NEAR EAST                          ,784301.0,9250.0,84.8,"7,01","0,43",7.18,19200.0,97.6,,"7,79","4,44","87,77",3,"12,56","7,68","0,037",0.198,0.765,塞浦路斯,Кипр,Q2,Q2,Q3,Q4,Q1,Q3,Q2,Q4
Czech Republic ,EASTERN EUROPE                     ,10235455.0,78866.0,129.8,"0,00","0,97",3.93,15700.0,99.9,"314,3","39,8","3,05","57,15",3,"9,02","10,59","0,034",0.393,0.573,捷克共和国,Чешская Республика,Q3,Q2,Q3,Q3,Q1,Q4,Q4,Q3
Denmark ,WESTERN EUROPE                     ,5450661.0,43094.0,126.5,"16,97","2,48",4.56,31100.0,100.0,"614,6","54,02","0,19","45,79",3,"11,13","10,36","0,018",0.246,0.735,丹麦,Дания,Q3,Q2,Q3,Q4,Q1,Q4,Q2,Q4
Djibouti ,SUB-SAHARAN AFRICA                 ,486530.0,23000.0,21.2,"1,37",0,104.13,1300.0,67.9,"22,8","0,04",0,"99,96",1,"39,53","19,31","0,179",0.225,0.596,吉布提,Джибути,Q2,Q2,Q1,Q1,Q4,Q1,Q2,Q3
Dominica ,LATIN AMER. & CARIB    ,68910.0,754.0,91.4,"19,63","-13,87",14.15,5400.0,94.0,"304,8","6,67",20,"73,33",2,"15,27","6,73","0,177",0.328,0.495,多米尼克,Доминика,Q1,Q1,Q3,Q2,Q2,Q3,Q3,Q2
Dominican Republic ,LATIN AMER. & CARIB    ,9183984.0,48730.0,188.5,"2,64","-3,22",32.38,6000.0,84.7,"97,4","22,65","10,33","67,02",2,"23,22","5,73","0,112",0.306,0.582,多米尼加共和国,Доминиканская Республика,Q3,Q2,Q3,Q3,Q3,Q2,Q3,Q3
East Timor ,ASIA (EX. NEAR EAST)         ,1062777.0,15007.0,70.8,"4,70",0,47.41,500.0,58.6,,"4,71","0,67","94,62",2,"26,99","6,24","0,085",0.231,0.684,东帝汶,Восточный Тимор,Q2,Q2,Q2,Q1,Q3,Q1,Q2,Q4
Ecuador ,LATIN AMER. & CARIB    ,13547510.0,283560.0,47.8,"0,79","-8,58",23.66,3300.0,92.5,"125,6","5,85","4,93","89,22",2,"22,29","4,23","0,07",0.312,0.618,厄瓜多尔,Эквадор,Q3,Q3,Q2,Q2,Q3,Q2,Q3,Q3
Egypt ,NORTHERN AFRICA                    ,78887007.0,1001450.0,78.8,"0,24","-0,22",32.59,4000.0,57.7,"131,8","2,87","0,48","96,65",1,"22,94","5,23","0,149",0.357,0.493,埃及,Египет,Q4,Q4,Q2,Q2,Q3,Q1,Q4,Q2
El Salvador ,LATIN AMER. & CARIB    ,6822378.0,21040.0,324.3,"1,46","-3,74",25.1,4800.0,80.2,"142,4","31,85","12,07","56,08",2,"26,61","5,78","0,099",0.302,0.599,萨尔瓦多,Сальвадор,Q3,Q2,Q4,Q2,Q3,Q2,Q3,Q3
Equatorial Guinea ,SUB-SAHARAN AFRICA                 ,540109.0,28051.0,19.3,"1,06",0,85.13,2700.0,85.7,"18,5","4,63","3,57","91,8",2,"35,59","15,06","0,03",0.906,0.062,赤道几内亚,Экваториальная Гвинея,Q2,Q2,Q1,Q2,Q4,Q2,Q4,Q1
Eritrea ,SUB-SAHARAN AFRICA                 ,4786994.0,121320.0,39.5,"1,84",0,74.87,700.0,58.6,"7,9","4,95","0,03","95,02","1,5","34,33","9,6","0,102",0.254,0.643,厄立特里亚,Эритрея,Q2,Q3,Q2,Q1,Q4,Q1,Q2,Q3
Estonia ,BALTICS                            ,1324333.0,45226.0,29.3,"8,39","-3,16",7.87,12300.0,99.8,"333,8","16,04","0,45","83,51",3,"10,04","13,25","0,04",0.294,0.666,爱沙尼亚,Эстония,Q2,Q2,Q2,Q3,Q1,Q4,Q3,Q3
Ethiopia ,SUB-SAHARAN AFRICA                 ,74777981.0,1127127.0,66.3,"0,00",0,95.32,700.0,42.7,"8,2","10,71","0,75","88,54",2,"37,98","14,86","0,475",0.099,0.426,埃塞俄比亚,Эфиопия,Q4,Q4,Q2,Q1,Q4,Q1,Q1,Q1
Faroe Islands ,WESTERN EUROPE                     ,47246.0,1399.0,33.8,"79,84","1,41",6.24,22000.0,,"503,8","2,14",0,"97,86",,"14,05","8,7","0,27",0.11,0.62,法罗群岛,Фарерские острова,Q1,Q1,Q2,Q4,Q1,,Q1,Q3
Fiji ,OCEANIA                            ,905949.0,18270.0,49.6,"6,18","-3,14",12.62,5800.0,93.7,"112,6","10,95","4,65","84,4",2,"22,55","5,65","0,089",0.135,0.776,斐济,Фиджи,Q2,Q2,Q2,Q3,Q2,Q3,Q1,Q4
Finland ,WESTERN EUROPE                     ,5231372.0,338145.0,15.5,"0,37","0,95",3.57,27400.0,100.0,"405,3","7,19","0,03","92,78",3,"10,45","9,86","0,028",0.295,0.676,芬兰,Финляндия,Q3,Q3,Q1,Q4,Q1,Q4,Q3,Q3
France ,WESTERN EUROPE                     ,60876136.0,547030.0,111.3,"0,63","0,66",4.26,27600.0,99.0,"586,4","33,53","2,07","64,4",4,"11,99","9,14","0,022",0.214,0.764,法国,Франция,Q4,Q4,Q3,Q4,Q1,Q4,Q2,Q4
French Guiana ,LATIN AMER. & CARIB    ,199509.0,91000.0,2.2,"0,42","6,27",12.07,8300.0,83.0,"255,6","0,14","0,05","99,81",2,"20,46","4,88","0,066",0.156,0.778,法属圭亚那,Французская Гвиана,Q1,Q3,Q1,Q3,Q2,Q2,Q1,Q4
French Polynesia ,OCEANIA                            ,274578.0,4167.0,65.9,"60,60","2,94",8.44,17500.0,98.0,"194,5","0,82","5,46","93,72",2,"16,68","4,69","0,031",0.19,0.769,法属波利尼西亚,Французская Полинезия,Q1,Q1,Q2,Q4,Q2,Q3,Q1,Q4
Gabon ,SUB-SAHARAN AFRICA                 ,1424906.0,267667.0,5.3,"0,33",0,53.64,5500.0,63.2,"27,4","1,26","0,66","98,08",2,"36,16","12,25","0,061",0.592,0.348,加蓬,Габон,Q2,Q3,Q1,Q2,Q3,Q1,Q4,Q1
"Gambia, The ",SUB-SAHARAN AFRICA                 ,1641564.0,11300.0,145.3,"0,71","1,57",72.02,1700.0,40.1,"26,8",25,"0,5","74,5",2,"39,37","12,25","0,308",0.142,0.549,冈比亚,Гамбия,Q2,Q2,Q3,Q1,Q4,Q1,Q1,Q2
Gaza Strip ,NEAR EAST                          ,1428757.0,360.0,3968.8,"11,11","1,6",22.93,600.0,,"244,3","28,95","21,05",50,3,"39,45","3,8","0,03",0.283,0.687,加沙地带,Сектор Газа,Q2,Q1,Q4,Q1,Q3,,Q3,Q4
Georgia ,C.W. OF IND. STATES ,4661473.0,69700.0,66.9,"0,44","-4,7",18.59,2500.0,99.0,"146,6","11,44","3,86","84,7",3,"10,41","9,23","0,172",0.275,0.553,格鲁吉亚,Грузия,Q2,Q2,Q2,Q2,Q2,Q4,Q3,Q2
Germany ,WESTERN EUROPE                     ,82422299.0,357021.0,230.9,"0,67","2,18",4.16,27600.0,99.0,"667,9","33,85","0,59","65,56",3,"8,25","10,62","0,009",0.296,0.695,德国,Германия,Q4,Q3,Q4,Q4,Q1,Q4,Q3,Q4
Ghana ,SUB-SAHARAN AFRICA                 ,22409572.0,239460.0,93.6,"0,23","-0,64",51.43,2200.0,74.8,"14,4","16,26","9,67","74,07",2,"30,52","9,72","0,366",0.246,0.387,加纳,Гана,Q4,Q3,Q3,Q2,Q3,Q2,Q2,Q1
Gibraltar ,WESTERN EUROPE                     ,27928.0,7.0,3989.7,"171,43",0,5.13,17500.0,,"877,7",0,0,100,,"10,74","9,31",,,,直布罗陀,Гибралтар,Q1,Q1,Q4,Q4,Q1,,,
Greece ,WESTERN EUROPE                     ,10688058.0,131940.0,81.0,"10,37","2,35",5.53,20000.0,97.5,"589,7","21,1","8,78","70,12",3,"9,68","10,24","0,054",0.213,0.733,希腊,Греция,Q3,Q3,Q3,Q4,Q1,Q3,Q2,Q4
Greenland ,NORTHERN AMERICA                   ,56361.0,2166086.0,0.0,"2,04","-8,37",15.82,20000.0,,"448,9",0,0,100,1,"15,93","7,84",,,,格陵兰,Гренландия,Q1,Q4,Q1,Q4,Q2,,,
Grenada ,LATIN AMER. & CARIB    ,89703.0,344.0,260.8,"35,17","-13,92",14.62,5000.0,98.0,"364,5","5,88","29,41","64,71",2,"22,08","6,88","0,054",0.18,0.766,格林纳达,Гренада,Q1,Q1,Q4,Q2,Q2,Q3,Q1,Q4
Guadeloupe ,LATIN AMER. & CARIB    ,452776.0,1780.0,254.4,"17,19","-0,15",8.6,8000.0,90.0,"463,8","11,24","3,55","85,21",2,"15,05","6,09","0,15",0.17,0.68,瓜德罗普,Гваделупа,Q2,Q1,Q4,Q3,Q2,Q2,Q1,Q4
Guam ,OCEANIA                            ,171019.0,541.0,316.1,"23,20",0,6.94,21000.0,99.0,"492,0","9,09","16,36","74,55",2,"18,79","4,48",,,,关岛,Гуам,Q1,Q1,Q4,Q4,Q1,Q4,,
Guatemala ,LATIN AMER. & CARIB    ,12293545.0,108890.0,112.9,"0,37","-1,67",35.93,4100.0,70.6,"92,1","12,54","5,03","82,43",2,"29,88","5,2","0,227",0.188,0.585,危地马拉,Гватемала,Q3,Q3,Q3,Q2,Q3,Q1,Q1,Q3
Guernsey ,WESTERN EUROPE                     ,65409.0,78.0,838.6,"64,10","3,84",4.71,20000.0,,"842,4",,,,3,"8,81","10,01","0,03",0.1,0.87,根西岛,Гернси,Q1,Q1,Q4,Q4,Q1,,Q1,Q4
Guinea ,SUB-SAHARAN AFRICA                 ,9690222.0,245857.0,39.4,"0,13","-3,06",90.37,2100.0,35.9,"2,7","3,63","2,58","93,79",2,"41,76","15,48","0,237",0.362,0.401,几内亚,Гвинея,Q3,Q3,Q2,Q2,Q4,Q1,Q4,Q1
Guinea-Bissau ,SUB-SAHARAN AFRICA                 ,1442029.0,36120.0,39.9,"0,97","-1,57",107.17,800.0,42.4,"7,4","10,67","8,82","80,51",2,"37,22","16,53","0,62",0.12,0.26,几内亚比绍,Гвинея-Бисау,Q2,Q2,Q2,Q1,Q4,Q1,Q1,Q1
Guyana ,LATIN AMER. & CARIB    ,767245.0,214970.0,3.6,"0,21","-2,07",33.26,4000.0,98.8,"143,5","2,44","0,15","97,41",2,"18,28","8,28","0,37",0.203,0.427,圭亚那,Гайана,Q2,Q3,Q1,Q2,Q3,Q4,Q2,Q1
Haiti ,LATIN AMER. & CARIB    ,8308504.0,27750.0,299.4,"6,38","-3,4",73.45,1600.0,52.9,"16,9","28,3","11,61","60,09",2,"36,44","12,17","0,28",0.2,0.52,海地,Гаити,Q3,Q2,Q4,Q1,Q4,Q1,Q2,Q2
Honduras ,LATIN AMER. & CARIB    ,7326496.0,112090.0,65.4,"0,73","-1,99",29.32,2600.0,76.2,"67,5","9,55","3,22","87,23",2,"28,24","5,28","0,139",0.312,0.549,洪都拉斯,Гондурас,Q3,Q3,Q2,Q2,Q3,Q2,Q3,Q2
Hong Kong ,ASIA (EX. NEAR EAST)         ,6940432.0,1092.0,6355.7,"67,12","5,24",2.97,28800.0,93.5,"546,7","5,05","1,01","93,94",2,"7,29","6,29","0,001",0.092,0.906,香港,Гонконг,Q3,Q1,Q4,Q4,Q1,Q3,Q1,Q4
Hungary ,EASTERN EUROPE                     ,9981334.0,93030.0,107.3,"0,00","0,86",8.57,13900.0,99.4,"336,2","50,09","2,06","47,85",3,"9,72","13,11","0,037",0.312,0.651,匈牙利,Венгрия,Q3,Q3,Q3,Q3,Q2,Q4,Q3,Q3
Iceland ,WESTERN EUROPE                     ,299388.0,103000.0,2.9,"4,83","2,38",3.31,30900.0,99.9,"647,7","0,07",0,"99,93",3,"13,64","6,72","0,086",0.15,0.765,冰岛,Исландия,Q1,Q3,Q1,Q4,Q1,Q4,Q1,Q4
India ,ASIA (EX. NEAR EAST)         ,1095351995.0,3287590.0,333.2,"0,21","-0,07",56.29,2900.0,59.5,"45,4","54,4","2,74","42,86","2,5","22,01","8,18","0,186",0.276,0.538,印度,Индия,Q4,Q4,Q4,Q2,Q4,Q1,Q3,Q2
Indonesia ,ASIA (EX. NEAR EAST)         ,245452739.0,1919440.0,127.9,"2,85",0,35.6,3200.0,87.9,"52,0","11,32","7,23","81,45",2,"20,34","6,25","0,134",0.458,0.408,印度尼西亚,Индонезия,Q4,Q4,Q3,Q2,Q3,Q2,Q4,Q1
Iran ,ASIA (EX. NEAR EAST)         ,68688433.0,1648000.0,41.7,"0,15","-0,84",41.58,7000.0,79.4,"276,4","8,72","1,39","89,89",1,17,"5,55","0,116",0.424,0.46,伊朗,Иран,Q4,Q4,Q2,Q3,Q3,Q2,Q4,Q2
Iraq ,NEAR EAST                          ,26783383.0,437072.0,61.3,"0,01",0,50.25,1500.0,40.4,"38,6","13,15","0,78","86,07",1,"31,98","5,37","0,073",0.666,0.261,伊拉克,Ирак,Q4,Q3,Q2,Q1,Q3,Q1,Q4,Q1
Ireland ,WESTERN EUROPE                     ,4062235.0,70280.0,57.8,"2,06","4,99",5.39,29600.0,98.0,"500,5","15,2","0,03","84,77",3,"14,45","7,82","0,05",0.46,0.49,爱尔兰,Ирландия,Q2,Q2,Q2,Q4,Q1,Q3,Q4,Q2
Isle of Man ,WESTERN EUROPE                     ,75441.0,572.0,131.9,"27,97","5,36",5.93,21000.0,,"676,0",9,0,91,3,"11,05","11,19","0,01",0.13,0.86,马恩岛,Остров Мэн,Q1,Q1,Q3,Q4,Q1,,Q1,Q4
Israel ,NEAR EAST                          ,6352117.0,20770.0,305.8,"1,31","0,68",7.03,19800.0,95.4,"462,3","16,39","4,17","79,44",3,"17,97","6,18","0,026",0.317,0.657,以色列,Израиль,Q3,Q2,Q4,Q4,Q1,Q3,Q3,Q3
Italy ,WESTERN EUROPE                     ,58133509.0,301230.0,193.0,"2,52","2,07",5.94,26700.0,98.6,"430,9","27,79","9,53","62,68",,"8,72","10,4","0,021",0.291,0.688,意大利,Италия,Q4,Q3,Q4,Q4,Q1,Q4,Q3,Q4
Jamaica ,LATIN AMER. & CARIB    ,2758124.0,10991.0,250.9,"9,30","-4,92",12.36,3900.0,87.9,"124,0","16,07","10,16","73,77",2,"20,82","6,52","0,049",0.337,0.615,牙买加,Ямайка,Q2,Q2,Q4,Q2,Q2,Q2,Q3,Q3
Japan ,ASIA (EX. NEAR EAST)         ,127463611.0,377835.0,337.4,"7,87",0,3.26,28200.0,99.0,"461,2","12,19","0,96","86,85",3,"9,37","9,16","0,017",0.258,0.725,日本,Япония,Q4,Q3,Q4,Q4,Q1,Q4,Q2,Q4
Jersey ,WESTERN EUROPE                     ,91084.0,116.0,785.2,"60,34","2,76",5.24,24800.0,,"811,3",0,0,100,3,"9,3","9,28","0,05",0.02,0.93,泽西,Джерси,Q1,Q1,Q4,Q4,Q1,,Q1,Q4
Jordan ,NEAR EAST                          ,5906760.0,92300.0,64.0,"0,03","6,59",17.35,4300.0,91.3,"104,5","2,67","1,83","95,5",1,"21,25","2,65","0,033",0.287,0.68,约旦,Иордания,Q3,Q3,Q2,Q2,Q2,Q2,Q3,Q4
Kazakhstan ,C.W. OF IND. STATES ,15233244.0,2717300.0,5.6,"0,00","-3,35",29.21,6300.0,98.4,"164,1","7,98","0,05","91,97",4,16,"9,42","0,067",0.386,0.547,哈萨克斯坦,Казахстан,Q3,Q4,Q1,Q3,Q3,Q4,Q4,Q2
Kenya ,SUB-SAHARAN AFRICA                 ,34707817.0,582650.0,59.6,"0,09","-0,1",61.47,1000.0,85.1,"8,1","8,08","0,98","90,94","1,5","39,72","14,02","0,163",0.188,0.651,肯尼亚,Кения,Q4,Q4,Q2,Q1,Q4,Q2,Q1,Q3
Kiribati ,OCEANIA                            ,105432.0,811.0,130.0,"140,94",0,48.52,800.0,,"42,7","2,74","50,68","46,58",2,"30,65","8,26","0,089",0.242,0.668,基里巴斯,Кирибати,Q1,Q1,Q3,Q1,Q3,,Q2,Q3
"Korea, North ",ASIA (EX. NEAR EAST)         ,23113019.0,120540.0,191.8,"2,07",0,24.04,1300.0,99.0,"42,4","20,76","2,49","76,75",3,"15,54","7,13","0,3",0.34,0.36,朝鲜,Северная Корея,Q4,Q3,Q4,Q1,Q3,Q4,Q3,Q1
"Korea, South ",ASIA (EX. NEAR EAST)         ,48846823.0,98480.0,496.0,"2,45",0,7.05,17800.0,97.9,"486,1","17,18","1,95","80,87",3,10,"5,85","0,033",0.403,0.563,韩国,Южная Корея,Q4,Q3,Q4,Q4,Q1,Q3,Q4,Q2
Kuwait ,NEAR EAST                          ,2418393.0,17820.0,135.7,"2,80","14,18",9.95,19000.0,83.5,"211,0","0,73","0,11","99,16",1,"21,94","2,41","0,004",0.479,0.516,科威特,Кувейт,Q2,Q2,Q3,Q4,Q2,Q2,Q4,Q2
Kyrgyzstan ,C.W. OF IND. STATES ,5213898.0,198500.0,26.3,"0,00","-2,45",35.64,1600.0,97.0,"84,0","7,3","0,35","92,35","2,5","22,8","7,08","0,353",0.208,0.439,吉尔吉斯斯坦,Киргизия,Q3,Q3,Q1,Q1,Q3,Q3,Q2,Q2
Laos ,ASIA (EX. NEAR EAST)         ,6368481.0,236800.0,26.9,"0,00",0,85.22,1700.0,66.4,"14,1","3,8","0,35","95,85",2,"35,49","11,55","0,455",0.287,0.258,老挝,Лаос,Q3,Q3,Q1,Q1,Q4,Q1,Q3,Q1
Latvia ,BALTICS                            ,2274735.0,64589.0,35.2,"0,82","-2,23",9.55,10200.0,99.8,"321,4","29,67","0,47","69,86",3,"9,24","13,66","0,04",0.261,0.699,拉脱维亚,Латвия,Q2,Q2,Q2,Q3,Q2,Q4,Q2,Q4
Lebanon ,NEAR EAST                          ,3874050.0,10400.0,372.5,"2,16",0,24.52,4800.0,87.4,"255,6","16,62","13,98","69,4",,"18,52","6,21","0,12",0.21,0.67,黎巴嫩,Ливан,Q2,Q2,Q4,Q2,Q3,Q2,Q2,Q3
Lesotho ,SUB-SAHARAN AFRICA                 ,2022331.0,30355.0,66.6,"0,00","-0,74",84.23,3000.0,84.8,"23,7","10,87","0,13",89,3,"24,75","28,71","0,163",0.443,0.394,莱索托,Лесото,Q2,Q2,Q2,Q2,Q4,Q2,Q4,Q1
Liberia ,SUB-SAHARAN AFRICA                 ,3042004.0,111370.0,27.3,"0,52",0,128.87,1000.0,57.5,"2,3","3,95","2,28","93,77",2,"44,77","23,1","0,769",0.054,0.177,利比里亚,Либерия,Q2,Q3,Q1,Q1,Q4,Q1,Q1,Q1
Libya ,NORTHERN AFRICA                    ,5900754.0,1759540.0,3.4,"0,10",0,24.6,6400.0,82.6,"127,1","1,03","0,19","98,78",,"26,49","3,48","0,076",0.499,0.425,利比亚,Ливия,Q3,Q4,Q1,Q3,Q3,Q2,Q4,Q1
Liechtenstein ,WESTERN EUROPE                     ,33987.0,160.0,212.4,"0,00","4,85",4.7,25000.0,100.0,"585,5",25,0,75,4,"10,21","7,18","0,06",0.39,0.55,列支敦士登,Лихтенштейн,Q1,Q1,Q4,Q4,Q1,Q4,Q4,Q2
Lithuania ,BALTICS                            ,3585906.0,65200.0,55.0,"0,14","-0,71",6.89,11400.0,99.6,"223,4","45,22","0,91","53,87",,"8,75","10,98","0,055",0.325,0.62,立陶宛,Литва,Q2,Q2,Q2,Q3,Q1,Q4,Q3,Q3
Luxembourg ,WESTERN EUROPE                     ,474413.0,2586.0,183.5,"0,00","8,97",4.81,55100.0,100.0,"515,4","23,28","0,4","76,32",,"11,94","8,41","0,01",0.13,0.86,卢森堡,Люксембург,Q2,Q1,Q3,Q4,Q1,Q4,Q1,Q4
Macau ,ASIA (EX. NEAR EAST)         ,453125.0,28.0,16183.0,"146,43","4,86",4.39,19400.0,94.5,"384,9",0,0,100,2,"8,48","4,47","0,001",0.072,0.927,澳门,Макао,Q2,Q1,Q4,Q4,Q1,Q3,Q1,Q4
Macedonia ,EASTERN EUROPE                     ,2050554.0,25333.0,80.9,"0,00","-1,45",10.09,6700.0,,"260,0","22,26","1,81","75,93",3,"12,02","8,77","0,118",0.319,0.563,马其顿,Македония,Q2,Q2,Q3,Q3,Q2,,Q3,Q2
Madagascar ,SUB-SAHARAN AFRICA                 ,18595469.0,587040.0,31.7,"0,82",0,76.83,800.0,68.9,"3,6","5,07","1,03","93,91",2,"41,41","11,11","0,276",0.165,0.559,马达加斯加,Мадагаскар,Q4,Q4,Q2,Q1,Q4,Q1,Q1,Q2
Malawi ,SUB-SAHARAN AFRICA                 ,13013926.0,118480.0,109.8,"0,00",0,103.32,600.0,62.7,"7,9","23,38","1,49","75,13",2,"43,13","19,33","0,342",0.158,0.499,马拉维,Малави,Q3,Q3,Q3,Q1,Q4,Q1,Q1,Q2
Malaysia ,ASIA (EX. NEAR EAST)         ,24385858.0,329750.0,74.0,"1,42",0,17.7,9000.0,88.7,"179,0","5,48","17,61","76,91",2,"22,86","5,05","0,084",0.48,0.436,马来西亚,Малайзия,Q4,Q3,Q2,Q3,Q2,Q2,Q4,Q2
Maldives ,ASIA (EX. NEAR EAST)         ,359008.0,300.0,1196.7,"214,67",0,56.52,3900.0,97.2,"90,0","13,33","16,67",70,2,"34,81","7,06","0,2",0.18,0.62,马尔代夫,Мальдивы,Q1,Q1,Q4,Q2,Q4,Q3,Q1,Q3
Mali ,SUB-SAHARAN AFRICA                 ,11716829.0,1240000.0,9.5,"0,00","-0,33",116.79,900.0,46.4,"6,4","3,82","0,03","96,15",2,"49,82","16,89","0,45",0.17,0.38,马里,Мали,Q3,Q4,Q1,Q1,Q4,Q1,Q1,Q1
Malta ,WESTERN EUROPE                     ,400214.0,316.0,1266.5,"62,28","2,07",3.89,17700.0,92.8,"505,0","28,13","3,13","68,74",,"10,22","8,1","0,03",0.23,0.74,马耳他,Мальта,Q1,Q1,Q4,Q4,Q1,Q3,Q2,Q4
Marshall Islands ,OCEANIA                            ,60422.0,11854.0,5.1,"3,12","-6,04",29.45,1600.0,93.7,"91,2","16,67","38,89","44,44",2,"33,05","4,78","0,317",0.149,0.534,马绍尔群岛,Маршалловы Острова,Q1,Q2,Q1,Q1,Q3,Q3,Q1,Q2
Martinique ,LATIN AMER. & CARIB    ,436131.0,1100.0,396.5,"31,82","-0,05",7.09,14400.0,97.7,"394,4","10,38","9,43","80,19",2,"13,74","6,48","0,06",0.11,0.83,马提尼克,Мартиника,Q1,Q1,Q4,Q3,Q1,Q3,Q1,Q4
Mauritania ,SUB-SAHARAN AFRICA                 ,3177388.0,1030700.0,3.1,"0,07",0,70.89,1800.0,41.7,"12,9","0,48","0,01","99,51",1,"40,99","12,16","0,25",0.29,0.46,毛里塔尼亚,Мавритания,Q2,Q4,Q1,Q1,Q4,Q1,Q3,Q2
Mauritius ,SUB-SAHARAN AFRICA                 ,1240827.0,2040.0,608.3,"8,68","-0,9",15.03,11400.0,85.6,"289,3","49,26","2,96","47,78",2,"15,43","6,86","0,059",0.298,0.643,毛里求斯,Маврикий,Q2,Q1,Q4,Q3,Q2,Q2,Q3,Q3
Mayotte ,SUB-SAHARAN AFRICA                 ,201234.0,374.0,538.1,"49,52","6,78",62.4,2600.0,,"49,7",,,,2,"40,95","7,7",,,,马约特,Майотта,Q1,Q1,Q4,Q2,Q4,,,
Mexico ,LATIN AMER. & CARIB    ,107449525.0,1972550.0,54.5,"0,47","-4,87",20.91,9000.0,92.2,"181,6","12,99","1,31","85,7","1,5","20,69","4,74","0,038",0.259,0.702,墨西哥,Мексика,Q4,Q4,Q2,Q3,Q2,Q2,Q2,Q4
"Micronesia, Fed. St. ",OCEANIA                            ,108004.0,702.0,153.9,"870,66","-20,99",30.21,2000.0,89.0,"114,8","5,71","45,71","48,58",2,"24,68","4,75","0,289",0.152,0.559,密克罗尼西亚联邦,"Микронезия, Федеративные Штаты",Q1,Q1,Q3,Q2,Q3,Q2,Q1,Q2
Moldova ,C.W. OF IND. STATES ,4466706.0,33843.0,132.0,"0,00","-0,26",40.42,1800.0,99.1,"208,1","55,3","10,79","33,91",,"15,7","12,64","0,213",0.233,0.555,摩尔多瓦,Молдова,Q2,Q2,Q3,Q1,Q3,Q4,Q2,Q2
Monaco ,WESTERN EUROPE                     ,32543.0,2.0,16271.5,"205,00","7,75",5.43,27000.0,99.0,"1035,6",0,0,100,,"9,19","12,91","0,17",,,摩纳哥,Монако,Q1,Q1,Q4,Q4,Q1,Q4,,
Mongolia ,ASIA (EX. NEAR EAST)         ,2832224.0,1564116.0,1.8,"0,00",0,53.79,1800.0,97.8,"55,1","0,77",0,"99,23",1,"21,59","6,95","0,206",0.214,0.58,蒙古国,Монголия,Q2,Q4,Q1,Q1,Q3,Q3,Q2,Q3
Montserrat ,LATIN AMER. & CARIB    ,9439.0,102.0,92.5,"39,22",0,7.35,3400.0,97.0,,20,0,80,2,"17,59","7,1",,,,蒙特塞拉特,Монтсеррат,Q1,Q1,Q3,Q2,Q1,Q3,,
Morocco ,NORTHERN AFRICA                    ,33241259.0,446550.0,74.4,"0,41","-0,98",41.62,4000.0,51.7,"40,4","19,61","2,17","78,22",,"21,98","5,58","0,217",0.357,0.426,摩洛哥,Марокко,Q4,Q4,Q2,Q2,Q3,Q1,Q4,Q1
Mozambique ,SUB-SAHARAN AFRICA                 ,19686505.0,801590.0,24.6,"0,31",0,130.79,1200.0,47.8,"3,5","5,1","0,3","94,6",2,"35,18","21,35","0,262",0.348,0.39,莫桑比克,Мозамбик,Q4,Q4,Q1,Q1,Q4,Q1,Q4,Q1
Namibia ,SUB-SAHARAN AFRICA                 ,2044147.0,825418.0,2.5,"0,19",0,48.98,7200.0,84.0,"62,6","0,99",0,"99,01",1,"24,32","18,86","0,097",0.315,0.588,纳米比亚,Намибия,Q2,Q4,Q1,Q3,Q3,Q2,Q3,Q3
Nauru ,OCEANIA                            ,13287.0,21.0,632.7,"142,86",0,9.95,5000.0,,"143,0",0,0,100,2,"24,76","6,7",,,,瑙鲁,Науру,Q1,Q1,Q4,Q2,Q2,,,
Nepal ,ASIA (EX. NEAR EAST)         ,28287147.0,147181.0,192.2,"0,00",0,66.98,1400.0,45.2,"15,9","21,68","0,64","77,68",,"30,98","9,31","0,38",0.21,0.41,尼泊尔,Непал,Q4,Q3,Q4,Q1,Q4,Q1,Q2,Q1
Netherlands ,WESTERN EUROPE                     ,16491461.0,41526.0,397.1,"1,09","2,91",5.04,28600.0,99.0,"460,8","26,71","0,97","72,32",3,"10,9","8,68","0,021",0.244,0.736,荷兰,Нидерланды,Q3,Q2,Q4,Q4,Q1,Q4,Q2,Q4
Netherlands Antilles ,LATIN AMER. & CARIB    ,221736.0,960.0,231.0,"37,92","-0,41",10.03,11400.0,96.7,"365,3",10,0,90,2,"14,78","6,45","0,01",0.15,0.84,荷属安的列斯群岛,Нидерландские Антильские острова,Q1,Q1,Q4,Q3,Q2,Q3,Q1,Q4
New Caledonia ,OCEANIA                            ,219246.0,19060.0,11.5,"11,83",0,7.72,15000.0,91.0,"252,2","0,38","0,33","99,29",2,"18,11","5,69","0,15",0.088,0.762,新喀里多尼亚,Новая Каледония,Q1,Q2,Q1,Q3,Q1,Q2,Q1,Q4
New Zealand ,OCEANIA                            ,4076140.0,268680.0,15.2,"5,63","4,05",5.85,21600.0,99.0,"441,7","5,6","6,99","87,41",3,"13,76","7,53","0,043",0.273,0.684,新西兰,Новая Зеландия,Q2,Q3,Q1,Q4,Q1,Q4,Q3,Q4
Nicaragua ,LATIN AMER. & CARIB    ,5570129.0,129494.0,43.0,"0,70","-1,22",29.11,2300.0,67.5,"39,7","15,94","1,94","82,12",2,"24,51","4,45","0,165",0.275,0.56,尼加拉瓜,Никарагуа,Q3,Q3,Q2,Q2,Q3,Q1,Q3,Q2
Niger ,SUB-SAHARAN AFRICA                 ,12525094.0,1267000.0,9.9,"0,00","-0,67",121.69,800.0,17.6,"1,9","3,54","0,01","96,45",1,"50,73","20,91","0,39",0.17,0.44,尼日尔,Нигер,Q3,Q4,Q1,Q1,Q4,Q1,Q1,Q2
Nigeria ,SUB-SAHARAN AFRICA                 ,131859731.0,923768.0,142.7,"0,09","0,26",98.8,900.0,68.0,"9,3","31,29","2,96","65,75","1,5","40,43","16,94","0,269",0.487,0.244,尼日利亚,Нигерия,Q4,Q4,Q3,Q1,Q4,Q1,Q4,Q1
N. Mariana Islands ,OCEANIA                            ,82459.0,477.0,172.9,"310,69","9,61",7.11,12500.0,97.0,"254,7","13,04","4,35","82,61",2,"19,43","2,29",,,,北马里亚纳群岛,Северные Марианские острова,Q1,Q1,Q3,Q3,Q1,Q3,,
Norway ,WESTERN EUROPE                     ,4610820.0,323802.0,14.2,"7,77","1,74",3.7,37800.0,100.0,"461,7","2,87",0,"97,13",3,"11,46","9,4","0,021",0.415,0.564,挪威,Норвегия,Q2,Q3,Q1,Q4,Q1,Q4,Q4,Q2
Oman ,NEAR EAST                          ,3102229.0,212460.0,14.6,"0,98","0,28",19.51,13100.0,75.8,"85,5",0,"0,14","99,74",1,"36,24","3,81","0,027",0.39,0.583,阿曼,Оман,Q2,Q3,Q1,Q3,Q2,Q2,Q4,Q3
Pakistan ,ASIA (EX. NEAR EAST)         ,165803560.0,803940.0,206.2,"0,13","-2,77",72.44,2100.0,45.7,"31,8","27,87","0,87","71,26",1,"29,74","8,23","0,216",0.251,0.533,巴基斯坦,Пакистан,Q4,Q4,Q4,Q2,Q4,Q1,Q2,Q2
Palau ,OCEANIA                            ,20579.0,458.0,44.9,"331,66","2,85",14.84,9000.0,92.0,"325,6","8,7","4,35","86,95",2,"18,03","6,8","0,062",0.12,0.818,帕劳,Палау,Q1,Q1,Q2,Q3,Q2,Q2,Q1,Q4
Panama ,LATIN AMER. & CARIB    ,3191319.0,78200.0,40.8,"3,18","-0,91",20.47,6300.0,92.6,"137,9","7,36","1,98","90,66",2,"21,74","5,36","0,068",0.156,0.776,巴拿马,Панама,Q2,Q2,Q2,Q3,Q2,Q3,Q1,Q4
Papua New Guinea ,OCEANIA                            ,5670544.0,462840.0,12.3,"1,11",0,51.45,2200.0,64.6,"10,9","0,46","1,44","98,1",2,"29,36","7,25","0,353",0.381,0.266,巴布亚新几内亚,Папуа — Новая Гвинея,Q3,Q4,Q1,Q2,Q3,Q1,Q4,Q1
Paraguay ,LATIN AMER. & CARIB    ,6506464.0,406750.0,16.0,"0,00","-0,08",25.63,4700.0,94.0,"49,2","7,6","0,23","92,17",2,"29,1","4,49","0,224",0.207,0.569,巴拉圭,Парагвай,Q3,Q3,Q1,Q2,Q3,Q3,Q2,Q2
Peru ,LATIN AMER. & CARIB    ,28302603.0,1285220.0,22.0,"0,19","-1,05",31.94,5100.0,90.9,"79,5","2,89","0,4","96,71","1,5","20,48","6,23","0,08",0.27,0.65,秘鲁,Перу,Q4,Q4,Q1,Q2,Q3,Q2,Q2,Q3
Philippines ,ASIA (EX. NEAR EAST)         ,89468677.0,300000.0,298.2,"12,10","-1,5",23.51,4600.0,92.6,"38,4","18,95","16,77","64,28",2,"24,89","5,41","0,144",0.326,0.53,菲律宾,Филиппины,Q4,Q3,Q4,Q2,Q3,Q3,Q3,Q2
Poland ,EASTERN EUROPE                     ,38536869.0,312685.0,123.3,"0,16","-0,49",8.51,11100.0,99.8,"306,3","45,91","1,12","52,97",3,"9,85","9,89","0,05",0.311,0.64,波兰,Польша,Q4,Q3,Q3,Q3,Q2,Q4,Q3,Q3
Portugal ,WESTERN EUROPE                     ,10605870.0,92391.0,114.8,"1,94","3,57",5.05,18000.0,93.3,"399,2","21,75","7,81","70,44",3,"10,72","10,5","0,053",0.274,0.673,葡萄牙,Португалия,Q3,Q3,Q3,Q4,Q1,Q3,Q3,Q3
Puerto Rico ,LATIN AMER. & CARIB    ,3927188.0,13790.0,284.8,"3,63","-1,46",8.24,16800.0,94.1,"283,1","3,95","5,52","90,53",2,"12,77","7,65","0,01",0.45,0.54,波多黎各,Пуэрто-Рико,Q2,Q2,Q4,Q4,Q2,Q3,Q4,Q2
Qatar ,NEAR EAST                          ,885359.0,11437.0,77.4,"4,92","16,29",18.61,21500.0,82.5,"232,0","1,64","0,27","98,09",1,"15,56","4,72","0,002",0.801,0.197,卡塔尔,Катар,Q2,Q2,Q2,Q4,Q2,Q2,Q4,Q1
Reunion ,SUB-SAHARAN AFRICA                 ,787584.0,2517.0,312.9,"8,22",0,7.78,5800.0,88.9,"380,9","13,6","1,2","85,2",2,"18,9","5,49","0,08",0.19,0.73,留尼汪,Реюньон,Q2,Q1,Q4,Q3,Q1,Q2,Q1,Q4
Romania ,EASTERN EUROPE                     ,22303552.0,237500.0,93.9,"0,09","-0,13",26.43,7000.0,98.4,"196,9","40,82","2,25","56,93",3,"10,7","11,77","0,101",0.35,0.549,罗马尼亚,Румыния,Q4,Q3,Q3,Q3,Q3,Q4,Q4,Q2
Russia ,C.W. OF IND. STATES ,142893540.0,17075200.0,8.4,"0,22","1,02",15.39,8900.0,99.6,"280,6","7,33","0,11","92,56",,"9,95","14,65","0,054",0.371,0.575,俄罗斯,Россия,Q4,Q4,Q1,Q3,Q2,Q4,Q4,Q3
Rwanda ,SUB-SAHARAN AFRICA                 ,8648248.0,26338.0,328.4,"0,00",0,91.23,1300.0,70.4,"2,7","40,54","12,16","47,3",3,"40,37","16,09","0,401",0.229,0.37,卢旺达,Руанда,Q3,Q2,Q4,Q1,Q4,Q1,Q2,Q1
Saint Helena ,SUB-SAHARAN AFRICA                 ,7502.0,413.0,18.2,"14,53",0,19.0,2500.0,97.0,"293,3","12,9",0,"87,1",,"12,13","6,53",,,,圣赫勒拿,Остров Святой Елены,Q1,Q1,Q1,Q2,Q2,Q3,,
Saint Kitts & Nevis ,LATIN AMER. & CARIB    ,39129.0,261.0,149.9,"51,72","-7,11",14.49,8800.0,97.0,"638,9","19,44","2,78","77,78",2,"18,02","8,33","0,035",0.258,0.707,圣基茨和尼维斯,Сент-Китс и Невис,Q1,Q1,Q3,Q3,Q2,Q3,Q2,Q4
Saint Lucia ,LATIN AMER. & CARIB    ,168458.0,616.0,273.5,"25,65","-2,67",13.53,5400.0,67.0,"303,3","6,56","22,95","70,49",2,"19,68","5,08","0,07",0.2,0.73,圣卢西亚,Сент-Люсия,Q1,Q1,Q4,Q2,Q2,Q1,Q2,Q4
St Pierre & Miquelon ,NORTHERN AMERICA                   ,7026.0,242.0,29.0,"49,59","-4,86",7.54,6900.0,99.0,"683,2","13,04",0,"86,96",,"13,52","6,83",,,,圣皮埃尔和密克隆,Сен-Пьер и Микелон,Q1,Q1,Q1,Q3,Q1,Q4,,
Saint Vincent and the Grenadines ,LATIN AMER. & CARIB    ,117848.0,389.0,303.0,"21,59","-7,64",14.78,2900.0,96.0,"190,9","17,95","17,95","64,1",2,"16,18","5,98","0,1",0.26,0.64,圣文森特和格林纳丁斯,Сент-Винсент и Гренадины,Q1,Q1,Q4,Q2,Q2,Q3,Q2,Q3
Samoa ,OCEANIA                            ,176908.0,2944.0,60.1,"13,69","-11,7",27.71,5600.0,99.7,"75,2","21,2","24,38","54,42",2,"16,43","6,62","0,114",0.584,0.302,萨摩亚,Самоа,Q1,Q1,Q2,Q3,Q3,Q4,Q4,Q1
San Marino ,WESTERN EUROPE                     ,29251.0,61.0,479.5,"0,00","10,98",5.73,34600.0,96.0,"704,3","16,67",0,"83,33",,"10,02","8,17",,,,圣马力诺,Сан-Марино,Q1,Q1,Q4,Q4,Q1,Q3,,
Sao Tome & Principe ,SUB-SAHARAN AFRICA                 ,193413.0,1001.0,193.2,"20,88","-2,72",43.11,1200.0,79.3,"36,2","6,25","48,96","44,79",2,"40,25","6,47","0,167",0.148,0.684,圣多美和普林西比,Сан-Томе и Принсипи,Q1,Q1,Q4,Q1,Q3,Q2,Q1,Q4
Saudi Arabia ,NEAR EAST                          ,27019731.0,1960582.0,13.8,"0,13","-2,71",13.24,11800.0,78.8,"140,6","1,67","0,09","98,24",1,"29,34","2,58","0,033",0.613,0.354,沙特阿拉伯,Саудовская Аравия,Q4,Q4,Q1,Q3,Q2,Q2,Q4,Q1
Senegal ,SUB-SAHARAN AFRICA                 ,11987121.0,196190.0,61.1,"0,27","0,2",55.51,1600.0,40.2,"22,2","12,78","0,21","87,01",2,"32,78","9,42","0,172",0.209,0.619,塞内加尔,Сенегал,Q3,Q3,Q2,Q1,Q3,Q1,Q2,Q3
Serbia ,EASTERN EUROPE                     ,9396411.0,88361.0,106.3,"0,00","-1,33",12.89,2200.0,93.0,"285,8","33,35","3,2","63,45",,,,"0,166",0.255,0.579,塞尔维亚,Сербия,Q3,Q3,Q3,Q2,Q2,Q3,Q2,Q3
Seychelles ,SUB-SAHARAN AFRICA                 ,81541.0,455.0,179.2,"107,91","-5,69",15.53,7800.0,58.0,"262,4","2,22","13,33","84,45",2,"16,03","6,29","0,032",0.304,0.665,塞舌尔,Сейшельские Острова,Q1,Q1,Q3,Q3,Q2,Q1,Q3,Q3
Sierra Leone ,SUB-SAHARAN AFRICA                 ,6005250.0,71740.0,83.7,"0,56",0,143.64,500.0,31.4,"4,0","6,98","0,89","92,13",2,"45,76","23,03","0,49",0.31,0.21,塞拉利昂,Сьерра-Леоне,Q3,Q2,Q3,Q1,Q4,Q1,Q3,Q1
Singapore ,ASIA (EX. NEAR EAST)         ,4492150.0,693.0,6482.2,"27,85","11,53",2.29,23700.0,92.5,"411,4","1,64",0,"98,36",2,"9,34","4,28",0,0.339,0.661,新加坡,Сингапур,Q2,Q1,Q4,Q4,Q1,Q2,Q3,Q3
Slovakia ,EASTERN EUROPE                     ,5439448.0,48845.0,111.4,"0,00","0,3",7.41,13300.0,,"220,1","30,16","2,62","67,22",3,"10,65","9,45","0,035",0.294,0.672,斯洛伐克,Словакия,Q3,Q2,Q3,Q3,Q1,,Q3,Q3
Slovenia ,EASTERN EUROPE                     ,2010347.0,20273.0,99.2,"0,23","1,12",4.45,19000.0,99.7,"406,1","8,6","1,49","89,91",,"8,98","10,31","0,028",0.369,0.603,斯洛文尼亚,Словения,Q2,Q2,Q3,Q4,Q1,Q4,Q4,Q3
Solomon Islands ,OCEANIA                            ,552438.0,28450.0,19.4,"18,67",0,21.29,1700.0,,"13,4","0,64",2,"97,36",2,"30,01","3,92","0,42",0.11,0.47,所罗门群岛,Соломоновы Острова,Q2,Q2,Q1,Q1,Q3,,Q1,Q2
Somalia ,SUB-SAHARAN AFRICA                 ,8863338.0,637657.0,13.9,"0,47","5,37",116.7,500.0,37.8,"11,3","1,67","0,04","98,29",1,"45,13","16,63","0,65",0.1,0.25,索马里,Сомали,Q3,Q4,Q1,Q1,Q4,Q1,Q1,Q1
South Africa ,SUB-SAHARAN AFRICA                 ,44187637.0,1219912.0,36.2,"0,23","-0,29",61.81,10700.0,86.4,"107,0","12,08","0,79","87,13",1,"18,2",22,"0,025",0.303,0.671,南非,Южно-Африканская Республика,Q4,Q4,Q2,Q3,Q4,Q2,Q3,Q3
Spain ,WESTERN EUROPE                     ,40397842.0,504782.0,80.0,"0,98","0,99",4.42,22000.0,97.9,"453,5","26,07","9,87","64,06",3,"10,06","9,72","0,04",0.295,0.665,西班牙,Испания,Q4,Q4,Q3,Q4,Q1,Q3,Q3,Q3
Sri Lanka ,ASIA (EX. NEAR EAST)         ,20222240.0,65610.0,308.2,"2,04","-1,31",14.35,3700.0,92.3,"61,5","13,86","15,7","70,44",2,"15,51","6,52","0,178",0.276,0.545,斯里兰卡,Шри-Ланка,Q4,Q2,Q4,Q2,Q2,Q2,Q3,Q2
Sudan ,SUB-SAHARAN AFRICA                 ,41236378.0,2505810.0,16.5,"0,03","-0,02",62.5,1900.0,61.1,"16,3","6,83","0,18","92,99",2,"34,53","8,97","0,387",0.203,0.41,苏丹,Судан,Q4,Q4,Q1,Q1,Q4,Q1,Q2,Q1
Suriname ,LATIN AMER. & CARIB    ,439117.0,163270.0,2.7,"0,24","-8,81",23.57,4000.0,93.0,"184,7","0,37","0,06","99,57",2,"18,02","7,27","0,13",0.22,0.65,苏里南,Суринам,Q2,Q3,Q1,Q2,Q3,Q3,Q2,Q3
Swaziland ,SUB-SAHARAN AFRICA                 ,1136334.0,17363.0,65.5,"0,00",0,69.27,4900.0,81.6,"30,8","10,35","0,7","88,95","2,5","27,41","29,74","0,119",0.515,0.366,斯威士兰,Свазиленд,Q2,Q2,Q2,Q2,Q4,Q2,Q4,Q1
Sweden ,WESTERN EUROPE                     ,9016596.0,449964.0,20.0,"0,72","1,67",2.77,26800.0,99.0,"715,0","6,54","0,01","93,45",3,"10,27","10,31","0,011",0.282,0.707,瑞典,Швеция,Q3,Q4,Q1,Q4,Q1,Q4,Q3,Q4
Switzerland ,WESTERN EUROPE                     ,7523934.0,41290.0,182.2,"0,00","4,05",4.39,32700.0,99.0,"680,9","10,42","0,61","88,97",3,"9,71","8,49","0,015",0.34,0.645,瑞士,Швейцария,Q3,Q2,Q3,Q4,Q1,Q4,Q3,Q3
Syria ,NEAR EAST                          ,18881361.0,185180.0,102.0,"0,10",0,29.53,3300.0,76.9,"153,8","25,22","4,43","70,35",1,"27,76","4,81","0,249",0.23,0.519,叙利亚,Сирия,Q4,Q3,Q3,Q2,Q3,Q2,Q2,Q2
Taiwan ,ASIA (EX. NEAR EAST)         ,23036087.0,35980.0,640.3,"4,35",0,6.4,23400.0,96.1,"591,0",24,1,75,2,"12,56","6,48","0,018",0.259,0.723,台湾,Тайвань,Q4,Q2,Q4,Q4,Q1,Q3,Q2,Q4
Tajikistan ,C.W. OF IND. STATES ,7320815.0,143100.0,51.2,"0,00","-2,86",110.76,1000.0,99.4,"33,5","6,61","0,92","92,47",2,"32,65","8,25","0,234",0.286,0.48,塔吉克斯坦,Таджикистан,Q3,Q3,Q2,Q1,Q4,Q4,Q3,Q2
Tanzania ,SUB-SAHARAN AFRICA                 ,37445392.0,945087.0,39.6,"0,15","-2,06",98.54,600.0,78.2,"4,0","4,52","1,08","94,4",,"37,71","16,39","0,432",0.172,0.396,坦桑尼亚,Танзания,Q4,Q4,Q2,Q1,Q4,Q2,Q1,Q1
Thailand ,ASIA (EX. NEAR EAST)         ,64631595.0,514000.0,125.7,"0,63",0,20.48,7400.0,92.6,"108,9","29,36","6,46","64,18",2,"13,87","7,04","0,099",0.441,0.46,泰国,Таиланд,Q4,Q4,Q3,Q3,Q2,Q3,Q4,Q2
Togo ,SUB-SAHARAN AFRICA                 ,5548702.0,56785.0,97.7,"0,10",0,66.61,1500.0,60.9,"10,6","46,15","2,21","51,64",2,"37,01","9,83","0,395",0.204,0.401,多哥,Того,Q3,Q2,Q3,Q1,Q4,Q1,Q2,Q1
Tonga ,OCEANIA                            ,114689.0,748.0,153.3,"56,02",0,12.62,2200.0,98.5,"97,7","23,61","43,06","33,33",2,"25,37","5,28","0,23",0.27,0.5,汤加,Тонга,Q1,Q1,Q3,Q2,Q2,Q4,Q2,Q2
Trinidad & Tobago ,LATIN AMER. & CARIB    ,1065842.0,5128.0,207.9,"7,06","-10,83",24.31,9500.0,98.6,"303,5","14,62","9,16","76,22",2,"12,9","10,57","0,007",0.57,0.423,特立尼达和多巴哥,Тринидад и Тобаго,Q2,Q2,Q4,Q3,Q3,Q4,Q4,Q1
Tunisia ,NORTHERN AFRICA                    ,10175014.0,163610.0,62.2,"0,70","-0,57",24.77,6900.0,74.2,"123,6","17,86","13,74","68,4",3,"15,52","5,13","0,132",0.318,0.55,突尼斯,Тунис,Q3,Q3,Q2,Q3,Q3,Q2,Q3,Q2
Turkey ,NEAR EAST                          ,70413958.0,780580.0,90.2,"0,92",0,41.04,6700.0,86.5,"269,5","30,93","3,31","65,76",3,"16,62","5,97","0,117",0.298,0.585,土耳其,Турция,Q4,Q4,Q3,Q3,Q3,Q2,Q3,Q3
Turkmenistan ,C.W. OF IND. STATES ,5042920.0,488100.0,10.3,"0,00","-0,86",73.08,5800.0,98.0,"74,6","3,72","0,14","96,14",1,"27,61","8,6","0,209",0.38,0.411,土库曼斯坦,Туркменистан,Q3,Q4,Q1,Q3,Q4,Q3,Q4,Q1
Turks & Caicos Is ,LATIN AMER. & CARIB    ,21152.0,430.0,49.2,"90,47","11,68",15.67,9600.0,98.0,"269,5","2,33",0,"97,67",2,"21,84","4,21",,,,特克斯和凯科斯群岛,Теркс и Кайкос,Q1,Q1,Q2,Q3,Q2,Q3,,
Tuvalu ,OCEANIA                            ,11810.0,26.0,454.2,"92,31",0,20.03,1100.0,,"59,3",0,0,100,2,"22,18","7,11","0,166",0.272,0.562,图瓦卢,Тувалу,Q1,Q1,Q4,Q1,Q2,,Q2,Q2
Uganda ,SUB-SAHARAN AFRICA                 ,28195754.0,236040.0,119.5,"0,00",0,67.83,1400.0,69.9,"3,6","25,88","10,65","63,47",2,"47,35","12,24","0,311",0.222,0.469,乌干达,Уганда,Q4,Q3,Q3,Q1,Q4,Q1,Q2,Q2
Ukraine ,C.W. OF IND. STATES ,46710816.0,603700.0,77.4,"0,46","-0,39",20.34,5400.0,99.7,"259,9","56,21","1,61","42,18",3,"8,82","14,39","0,187",0.452,0.361,乌克兰,Украина,Q4,Q4,Q2,Q2,Q2,Q4,Q4,Q1
United Arab Emirates ,NEAR EAST                          ,2602713.0,82880.0,31.4,"1,59","1,03",14.51,23200.0,77.9,"475,3","0,6","2,25","97,15",1,"18,96","4,4","0,04",0.585,0.375,阿拉伯联合酋长国,Объединённые Арабские Эмираты,Q2,Q2,Q2,Q4,Q2,Q2,Q4,Q1
United Kingdom ,WESTERN EUROPE                     ,60609153.0,244820.0,247.6,"5,08","2,19",5.16,27700.0,99.0,"543,5","23,46","0,21","76,33",3,"10,71","10,13","0,005",0.237,0.758,英国,Соединённое Королевство,Q4,Q3,Q4,Q4,Q1,Q4,Q2,Q4
United States ,NORTHERN AMERICA                   ,298444215.0,9631420.0,31.0,"0,21","3,41",6.5,37800.0,97.0,"898,0","19,13","0,22","80,65",3,"14,14","8,26","0,01",0.204,0.787,美国,Соединённые Штаты Америки,Q4,Q4,Q2,Q4,Q1,Q3,Q2,Q4
Uruguay ,LATIN AMER. & CARIB    ,3431932.0,176220.0,19.5,"0,37","-0,32",11.95,12800.0,98.0,"291,4","7,43","0,23","92,34",3,"13,91","9,05","0,093",0.311,0.596,乌拉圭,Уругвай,Q2,Q3,Q1,Q3,Q2,Q3,Q3,Q3
Uzbekistan ,C.W. OF IND. STATES ,27307134.0,447400.0,61.0,"0,00","-1,72",71.1,1700.0,99.3,"62,9","10,83","0,83","88,34",1,"26,36","7,84","0,342",0.229,0.43,乌兹别克斯坦,Узбекистан,Q4,Q4,Q2,Q1,Q4,Q4,Q2,Q2
Vanuatu ,OCEANIA                            ,208869.0,12200.0,17.1,"20,72",0,55.16,2900.0,53.0,"32,6","2,46","7,38","90,16",2,"22,72","7,82","0,26",0.12,0.62,瓦努阿图,Вануату,Q1,Q2,Q1,Q2,Q3,Q1,Q1,Q3
Venezuela ,LATIN AMER. & CARIB    ,25730435.0,912050.0,28.2,"0,31","-0,04",22.2,4800.0,93.4,"140,1","2,95","0,92","96,13",2,"18,71","4,92","0,04",0.419,0.541,委内瑞拉,Венесуэла,Q4,Q4,Q1,Q2,Q3,Q3,Q4,Q2
Vietnam ,ASIA (EX. NEAR EAST)         ,84402966.0,329560.0,256.1,"1,05","-0,45",25.95,2500.0,90.3,"187,7","19,97","5,95","74,08",2,"16,86","6,22","0,209",0.41,0.381,越南,Вьетнам,Q4,Q3,Q4,Q2,Q3,Q2,Q4,Q1
Virgin Islands ,LATIN AMER. & CARIB    ,108605.0,1910.0,56.9,"9,84","-8,94",8.03,17200.0,,"652,8","11,76","2,94","85,3",2,"13,96","6,43","0,01",0.19,0.8,维尔京群岛,Виргинские острова,Q1,Q1,Q2,Q4,Q1,,Q1,Q4
Wallis and Futuna ,OCEANIA                            ,16025.0,274.0,58.5,"47,08",,,3700.0,50.0,"118,6",5,25,70,2,,,,,,瓦利斯和富图纳,Уоллис и Футуна,Q1,Q1,Q2,Q2,,Q1,,
West Bank ,NEAR EAST                          ,2460492.0,5860.0,419.9,"0,00","2,98",19.62,800.0,,"145,2","16,9","18,97","64,13",3,"31,67","3,92","0,09",0.28,0.63,西岸,Западный берег,Q2,Q2,Q4,Q1,Q2,,Q3,Q3
Western Sahara ,NORTHERN AFRICA                    ,273008.0,266000.0,1.0,"0,42",,,,,,"0,02",0,"99,98",1,,,,,0.4,西撒哈拉,Западная Сахара,Q1,Q3,Q1,,,,,Q1
Yemen ,NEAR EAST                          ,21456188.0,527970.0,40.6,"0,36",0,61.5,800.0,50.2,"37,2","2,78","0,24","96,98",1,"42,89","8,3","0,135",0.472,0.393,也门,Йемен,Q4,Q4,Q2,Q1,Q4,Q1,Q4,Q1
Zambia ,SUB-SAHARAN AFRICA                 ,11502010.0,752614.0,15.3,"0,00",0,88.29,800.0,80.6,"8,2","7,08","0,03","92,9",2,41,"19,93","0,22",0.29,0.489,赞比亚,Замбия,Q3,Q4,Q1,Q1,Q4,Q2,Q3,Q2
Zimbabwe ,SUB-SAHARAN AFRICA                 ,12236805.0,390580.0,31.3,"0,00",0,67.69,1900.0,90.7,"26,8","8,32","0,34","91,34",2,"28,01","21,84","0,179",0.243,0.579,津巴布韦,Зимбабве,Q3,Q3,Q2,Q1,Q4,Q2,Q2,Q3
X,,,,,,,,,,,,,,,,,,,,X,X,,,,,,,,
