name,Gender,Country
Amina,Female,Algeria
Amel,Female,Algeria
Asma,Female,Algeria
Chaima,Female,Algeria
Djamila,Female,Algeria
Imane,Female,Algeria
Ines,Female,Algeria
Kenza,Female,Algeria
Lyna,Female,Algeria
Yasmine,Female,Algeria
Ahmed,Male,Algeria
Amine,Male,Algeria
Anis,Male,Algeria
Bilal,Male,Algeria
Farid,Male,Algeria
Karim,Male,Algeria
Mehdi,Male,Algeria
Nadir,Male,Algeria
Riad,Male,Algeria
Sofiane,Male,Algeria
Camille,Female,France
Chloé,Female,France
Élodie,Female,France
Emma,Female,France
Juliette,Female,France
Léa,Female,France
Louise,Female,France
Manon,Female,France
Pauline,Female,France
Sophie,Female,France
Alexandre,Male,France
Antoine,Male,France
Baptiste,Male,France
Hugo,Male,France
Julien,Male,France
Louis,Male,France
Nicolas,Male,France
Pierre,Male,France
Quentin,Male,France
Thomas,Male,France
Anja,Female,Germany
Birgit,Female,Germany
Elke,Female,Germany
Franziska,Female,Germany
Gisela,Female,Germany
Greta,Female,Germany
Hannah,Female,Germany
Katja,Female,Germany
Lena,Female,Germany
Ursula,Female,Germany
Andreas,Male,Germany
Dieter,Male,Germany
Felix,Male,Germany
Florian,Male,Germany
Hans,Male,Germany
Jonas,Male,Germany
Klaus,Male,Germany
Lukas,Male,Germany
Matthias,Male,Germany
Wolfgang,Male,Germany
Abigail,Female,USA
Ashley,Female,USA
Brittany,Female,USA
Courtney,Female,USA
Emily,Female,USA
Hailey,Female,USA
Madison,Female,USA
Megan,Female,USA
Riley,Female,USA
Taylor,Female,USA
Brandon,Male,USA
Christopher,Male,USA
Ethan,Male,USA
Jacob,Male,USA
Jason,Male,USA
Joshua,Male,USA
Logan,Male,USA
Mason,Male,USA
Ryan,Male,USA
Tyler,Male,USA
Adaeze,Female,Nigeria
Aisha,Female,Nigeria
Bisi,Female,Nigeria
Chioma,Female,Nigeria
Folake,Female,Nigeria
Funke,Female,Nigeria
Ifeoma,Female,Nigeria
Ngozi,Female,Nigeria
Yetunde,Female,Nigeria
Zainab,Female,Nigeria
Adewale,Male,Nigeria
Babatunde,Male,Nigeria
Chinedu,Male,Nigeria
Emeka,Male,Nigeria
Ibrahim,Male,Nigeria
Musa,Male,Nigeria
Nnamdi,Male,Nigeria
Olumide,Male,Nigeria
Tunde,Male,Nigeria
Uche,Male,Nigeria
Aditi,Female,India
Ananya,Female,India
Deepika,Female,India
Divya,Female,India
Isha,Female,India
Kavya,Female,India
Lakshmi,Female,India
Neha,Female,India
Priya,Female,India
Sneha,Female,India
Arjun,Male,India
Dev,Male,India
Karan,Male,India
Mohan,Male,India
Rahul,Male,India
Rajesh,Male,India
Rohan,Male,India
Sanjay,Male,India
Varun,Male,India
Vikram,Male,India